Código da unidade geográfica,Situação do setor,Logradouro,Número no logradouro,Complemento,Latitude,Longitude,Localidade,Ponto de referência,Espécie de endereço,Tipo de estabelecimento,Indicador de endereço,Identificação domicílio coletivo,Número da quadra,Número da face,CEP
410690205050167,Urbano,RUA FRANCISCO DALLALIBERA,562,CASA,,,SANTA FELICIDADE,,Edificação em construção,,-0,,1,11,82030290
410690205050167,Urbano,RUA FRANCISCO DALLALIBERA,434,,,,SANTA FELICIDADE,,Estabelecimento de outras finalidades,OFICINA MECANICA,Único,,1,11,82030290
410690205050167,Urbano,RUA FRANCISCO DALLALIBERA,586,CASA,,,SANTA FELICIDADE,,Domicílio particular,,-0,,1,13,82030290
410690205050167,Urbano,RUA FRANCISCO DALLALIBERA,624,CASA 27,,,SANTA FELICIDADE,,Domicílio particular,,-0,,1,13,82030290
410690205050167,Urbano,RUA FRANCISCO DALLALIBERA,728,CASA,,,SANTA FELICIDADE,,Domicílio particular,,-0,,1,13,82030290
410690205050167,Urbano,RUA FRANCISCO DALLALIBERA,728,CASA 2,,,SANTA FELICIDADE,,Domicílio particular,,-0,,1,13,82030290
410690205050167,Urbano,RUA FRANCISCO DALLALIBERA,840,CASA 1,,,SANTA FELICIDADE,,Domicílio particular,,-0,,1,13,82030290
410690205050167,Urbano,RUA ANGELO MIOLA,90,CASA,,,SANTA FELICIDADE,,Domicílio particular,,-0,,1,15,82000000
410690205050167,Urbano,RUA FRANCISCO DALLALIBERA,1236,CASA 3,,,SANTA FELICIDADE,,Domicílio particular,,-0,,1,19,82030290
410690205050167,Urbano,RUA FRANCISCO DALLALIBERA,1236,CASA 4,,,SANTA FELICIDADE,,Domicílio particular,,-0,,1,22,82030290
410690205050167,Urbano,RUA FRANCISCO DALLALIBERA,1236,CASA 2,,,SANTA FELICIDADE,,Domicílio particular,,-0,,1,22,82030290
410690205050167,Urbano,RUA FRANCISCO DALLALIBERA,1354,SOBRADO,,,SANTA FELICIDADE,,Domicílio particular,,-0,,1,22,82030290
410690205050167,Urbano,RUA ARI JOSE VALLE,1181,CASA 6,,,SANTA FELICIDADE,,Domicílio particular,,-0,,1,5,82030025
410690205050167,Urbano,RUA ARI JOSE VALLE,1181,CASA 4,,,SANTA FELICIDADE,,Domicílio particular,,-0,,1,5,82030025
410690205050167,Urbano,RUA ARI JOSE VALLE,1181,LADO CASA 4,,,SANTA FELICIDADE,,Estabelecimento de outras finalidades,ELETRONICA,Único,,1,5,82030025
410690205050167,Urbano,RUA ARI JOSE VALLE,1181,CASA 3,,,SANTA FELICIDADE,,Domicílio particular,,-0,,1,5,82030025
410690205050167,Urbano,RUA ARI JOSE VALLE,1181,CASA 3,,,SANTA FELICIDADE,,Domicílio particular,,-0,,1,5,82030025
410690205050167,Urbano,RUA FRANCISCO DALLALIBERA,624,CASA 26,,,SANTA FELICIDADE,,Domicílio particular,,-0,,1,13,82030290
410690205050167,Urbano,RUA FRANCISCO DALLALIBERA,728,CASA 17,,,SANTA FELICIDADE,,Domicílio particular,,-0,,1,13,82030290
410690205050167,Urbano,RUA FRANCISCO DALLALIBERA,728,CASA,,,SANTA FELICIDADE,,Domicílio particular,,-0,,1,13,82030290
410690205050167,Urbano,RUA ARI JOSE VALLE,761CASA,CASA 2,,,SANTA FELICIDADE,,Edificação em construção,,-0,,1,2,82030025
410690205050167,Urbano,RUA BERGAMO,144,CASA 2,,,SANTA FELICIDADE,,Domicílio particular,,-0,,1,7,82030025
410690205050167,Urbano,RUA BERGAMO,201,CASA FUNDOS,,,SANTA FELICIDADE,,Domicílio particular,,-0,,1,8,82030010
410690205050167,Urbano,RUA ARI JOSE VALLE,557,CASA C,,,SANTA FELICIDADE,,Domicílio particular,,-0,,1,9,82030025
410690205050167,Urbano,RUA ARI JOSE VALLE,1237,CASA 21,,,SANTA FELICIDADE,,Domicílio particular,,-0,,1,5,82030025
410690205050167,Urbano,RUA ARI JOSE VALLE,1237,CASA 23,,,SANTA FELICIDADE,,Domicílio particular,,-0,,1,5,82030025
410690205050167,Urbano,RUA ARI JOSE VALLE,1237,CASA 26,,,SANTA FELICIDADE,,Domicílio particular,,-0,,1,5,82030025
410690205050167,Urbano,RUA ARI JOSE VALLE,22,CASA,,,SANTA FELICIDADE,,Estabelecimento de outras finalidades,SHOW ROOM VENDAS CONDOMINIO,Único,,1,5,82030025
410690205050167,Urbano,RUA ARI JOSE VALLE,1237,CASA 18,,,SANTA FELICIDADE,,Edificação em construção,,-0,,1,5,82030025
410690205050167,Urbano,RUA ARI JOSE VALLE,1237,CASA 22,,,SANTA FELICIDADE,,Edificação em construção,,-0,,1,5,82030025
410690205050167,Urbano,RUA ARI JOSE VALLE,1237,CASA 24,,,SANTA FELICIDADE,,Edificação em construção,,-0,,1,5,82030025
410690205050167,Urbano,RUA ARI JOSE VALLE,1237,CASA 25,,,SANTA FELICIDADE,,Edificação em construção,,-0,,1,5,82030025
410690205050167,Urbano,RUA BERGAMO,297,CASA,,,SANTA FELICIDADE,,Domicílio particular,,-0,,1,8,82030010
410690205050167,Urbano,RUA BERGAMO,283,CASA,,,SANTA FELICIDADE,,Domicílio particular,,-0,,1,7,82030025
410690205050167,Urbano,RUA FRANCISCO DALLALIBERA,280,CASA,,,SANTA FELICIDADE,,Domicílio particular,,-0,,1,10,82030290
410690205050167,Urbano,RUA FRANCISCO DALLALIBERA,1486,LOJA,,,SANTA FELICIDADE,,Estabelecimento de outras finalidades,LOJA FECHADA AO LADO DA BORRACHARIA,Único,,1,22,82030290
410690205050167,Urbano,RUA VALENTIM BASSO FILHO,50,BARRACAO,,,SANTA FELICIDADE,,Estabelecimento de outras finalidades,MARCENARIA,Único,,1,21,82000000
410690205050167,Urbano,RUA VALENTIM BASSO FILHO,1236,CASA 3,,,SANTA FELICIDADE,,Domicílio particular,,-0,,1,21,82000000
410690205050167,Urbano,RUA ARI JOSE VALLE,1181,CASA 3 CS2,,,SANTA FELICIDADE,,Domicílio particular,,-0,,1,2,82030025
410690205050167,Urbano,RUA ARI JOSE VALLE,1181,CASA 3,,,SANTA FELICIDADE,,Domicílio particular,,-0,,1,2,82030025
410690205050167,Urbano,RUA FRANCISCO DALLALIBERA,1550,CASA,,,SANTA FELICIDADE,,Domicílio particular,,-0,,1,22,82030290
410690205050167,Urbano,RUA FRANCISCO DALLALIBERA,1506,CASA,,,SANTA FELICIDADE,,Domicílio particular,,-0,,1,22,82030290
410690205050167,Urbano,RUA FRANCISCO DALLALIBERA,1506,CASA B,,,SANTA FELICIDADE,,Domicílio particular,,-0,,1,22,82030290
410690205050167,Urbano,RUA FRANCISCO DALLALIBERA,1492,,,,SANTA FELICIDADE,,Estabelecimento de outras finalidades,OFICINA GUINCHO,Único,,1,22,82030290
410690205050167,Urbano,RUA FRANCISCO DALLALIBERA,1492,CASA 02,,,SANTA FELICIDADE,,Estabelecimento de outras finalidades,DEPOSITO E SERVICO DE GUINCHO,Único,,1,22,82030290
410690205050167,Urbano,RUA FRANCISCO DALLALIBERA,1492,CASA 01,,,SANTA FELICIDADE,,Domicílio particular,,-0,,1,22,82030290
410690205050167,Urbano,RUA FRANCISCO DALLALIBERA,1486,LOJA,,,SANTA FELICIDADE,,Estabelecimento de outras finalidades,BORRACHARIA,Único,,1,22,82030290
410690205050167,Urbano,RUA FRANCISCO DALLALIBERA,1480,LOJA TERREO,,,SANTA FELICIDADE,,Estabelecimento de outras finalidades,LOJA SEM ATIVIDADE FECHADA,Único,,1,22,82030290
410690205050167,Urbano,RUA FRANCISCO DALLALIBERA,1464,APARTAMENTO SOBRELOJA,,,SANTA FELICIDADE,,Domicílio particular,,-0,,1,22,82030290
410690205050167,Urbano,RUA FRANCISCO DALLALIBERA,1464,CASA 02,,,SANTA FELICIDADE,,Domicílio particular,,-0,,1,22,82030290
410690205050167,Urbano,RUA FRANCISCO DALLALIBERA,11428,,,,SANTA FELICIDADE,,Estabelecimento de outras finalidades,RESTAURANTE,Único,,1,22,82030290
410690205050167,Urbano,RUA FRANCISCO DALLALIBERA,1396,CASA,,,SANTA FELICIDADE,,Domicílio particular,,-0,,1,22,82030290
410690205050167,Urbano,RUA FRANCISCO DALLALIBERA,366,CASA,,,SANTA FELICIDADE,,Domicílio particular,,-0,,1,22,82030290
410690205050167,Urbano,RUA FRANCISCO DALLALIBERA,1376,CASA,,,SANTA FELICIDADE,,Domicílio particular,,-0,,1,22,82030290
410690205050167,Urbano,RUA FRANCISCO DALLALIBERA,1354,CASA,,,SANTA FELICIDADE,,Domicílio particular,,-0,,1,22,82030290
410690205050167,Urbano,RUA FRANCISCO DALLALIBERA,1332,CASA,,,SANTA FELICIDADE,,Domicílio particular,,-0,,1,22,82030290
410690205050167,Urbano,RUA VALENTIM BASSO FILHO,50,CASA 05,,,SANTA FELICIDADE,,Domicílio particular,,-0,,1,21,82000000
410690205050167,Urbano,RUA VALENTIM BASSO FILHO,50,CASA 04,,,SANTA FELICIDADE,,Domicílio particular,,-0,,1,21,82000000
410690205050167,Urbano,RUA VALENTIM BASSO FILHO,50,CASA 03,,,SANTA FELICIDADE,,Domicílio particular,,-0,,1,21,82000000
410690205050167,Urbano,RUA VALENTIM BASSO FILHO,50,CASA 02,,,SANTA FELICIDADE,,Domicílio particular,,-0,,1,21,82000000
410690205050167,Urbano,RUA VALENTIM BASSO FILHO,1236,CASA,,,SANTA FELICIDADE,,Domicílio particular,,-0,,1,21,82000000
410690205050167,Urbano,RUA VALENTIM BASSO FILHO,1236,CASA 04,,,SANTA FELICIDADE,,Domicílio particular,,-0,,1,20,82000000
410690205050167,Urbano,RUA VALENTIM BASSO FILHO,1236,CASA 01,,,SANTA FELICIDADE,,Domicílio particular,,-0,,1,20,82000000
410690205050167,Urbano,RUA FRANCISCO DALLALIBERA,1236,CASA,,,SANTA FELICIDADE,,Estabelecimento de outras finalidades,COLOCACAO DE CALHAS,Único,,1,19,82030290
410690205050167,Urbano,RUA FRANCISCO DALLALIBERA,1236,,,,SANTA FELICIDADE,,Domicílio particular,,-0,,1,19,82030290
410690205050167,Urbano,RUA FRANCISCO DALLALIBERA,1236,CASA 02,,,SANTA FELICIDADE,,Domicílio particular,,-0,,1,19,82030290
410690205050167,Urbano,RUA FRANCISCO DALLALIBERA,1236,CASA 01,,,SANTA FELICIDADE,,Domicílio particular,,-0,,1,19,82030290
410690205050167,Urbano,RUA FRANCISCO DALLALIBERA,1120,CASA 11,,,SANTA FELICIDADE,,Domicílio particular,,-0,,1,19,82030290
410690205050167,Urbano,RUA FRANCISCO DALLALIBERA,1120,CASA 10,,,SANTA FELICIDADE,,Domicílio particular,,-0,,1,19,82030290
410690205050167,Urbano,RUA FRANCISCO DALLALIBERA,1120,CASA 09,,,SANTA FELICIDADE,,Domicílio particular,,-0,,1,19,82030290
410690205050167,Urbano,RUA FRANCISCO DALLALIBERA,1120,CASA 06,,,SANTA FELICIDADE,,Domicílio particular,,-0,,1,19,82030290
410690205050167,Urbano,RUA FRANCISCO DALLALIBERA,1120,CASA 05,,,SANTA FELICIDADE,,Domicílio particular,,-0,,1,19,82030290
410690205050167,Urbano,RUA FRANCISCO DALLALIBERA,1120,CASA,,,SANTA FELICIDADE,,Domicílio particular,,-0,,1,19,82030290
410690205050167,Urbano,RUA FRANCISCO DALLALIBERA,SN,CASA 03,,,SANTA FELICIDADE,,Estabelecimento de outras finalidades,OFICINA MECANICA,Único,,1,19,82030290
410690205050167,Urbano,RUA FRANCISCO DALLALIBERA,SN,CASA 02,,,SANTA FELICIDADE,,Domicílio particular,,-0,,1,19,82030290
410690205050167,Urbano,RUA FRANCISCO DALLALIBERA,SN,CASA 01,,,SANTA FELICIDADE,,Domicílio particular,,-0,,1,19,82030290
410690205050167,Urbano,RUA FRANCISCO DALLALIBERA,143,CASA,,,SANTA FELICIDADE,,Domicílio particular,,-0,,1,19,82030290
410690205050167,Urbano,RUA FRANCISCO DALLALIBERA,1046,CASA,,,SANTA FELICIDADE,,Domicílio particular,,-0,,1,19,82030290
410690205050167,Urbano,RUA FRANCISCO DALLALIBERA,77,CASA FUNDOS,,,SANTA FELICIDADE,,Domicílio particular,,-0,,1,19,82030290
410690205050167,Urbano,RUA FRANCISCO DALLALIBERA,1030,CASA,,,SANTA FELICIDADE,,Domicílio particular,,-0,,1,19,82030290
410690205050167,Urbano,RUA EMILIO ALEXANDRINO DA SILVA,101,CASA FUNDOS,,,SANTA FELICIDADE,,Domicílio particular,,-0,,1,18,82030300
410690205050167,Urbano,RUA EMILIO ALEXANDRINO DA SILVA,139,CASA,,,SANTA FELICIDADE,,Domicílio particular,,-0,,1,18,82030300
410690205050167,Urbano,RUA EMILIO ALEXANDRINO DA SILVA,177,CASA 02,,,SANTA FELICIDADE,,Domicílio particular,,-0,,1,18,82030300
410690205050167,Urbano,RUA EMILIO ALEXANDRINO DA SILVA,177,CASA 01,,,SANTA FELICIDADE,,Domicílio particular,,-0,,1,18,82030300
410690205050167,Urbano,RUA EMILIO ALEXANDRINO DA SILVA,231,CASA 03,,,SANTA FELICIDADE,,Domicílio particular,,-0,,1,18,82030300
410690205050167,Urbano,RUA EMILIO ALEXANDRINO DA SILVA,231,CASA 02,,,SANTA FELICIDADE,,Domicílio particular,,-0,,1,18,82030300
410690205050167,Urbano,RUA EMILIO ALEXANDRINO DA SILVA,231,CASA 01,,,SANTA FELICIDADE,,Domicílio particular,,-0,,1,18,82030300
410690205050167,Urbano,RUA EMILIO ALEXANDRINO DA SILVA,64,CASA,,,SANTA FELICIDADE,,Domicílio particular,,-0,,1,17,82030300
410690205050167,Urbano,RUA EMILIO ALEXANDRINO DA SILVA,124,CASA 02,,,SANTA FELICIDADE,,Domicílio particular,,-0,,1,17,82030300
410690205050167,Urbano,RUA EMILIO ALEXANDRINO DA SILVA,124,CASA 01,,,SANTA FELICIDADE,,Estabelecimento de outras finalidades,GARAGEM,Único,,1,17,82030300
410690205050167,Urbano,RUA EMILIO ALEXANDRINO DA SILVA,SN,CASA,,,SANTA FELICIDADE,,Domicílio particular,,-0,,1,17,82030300
410690205050167,Urbano,RUA FRANCISCO DALLALIBERA,984,CASA,,,SANTA FELICIDADE,,Domicílio particular,,-0,,1,16,82030290
410690205050167,Urbano,RUA FRANCISCO DALLALIBERA,970,CASA,,,SANTA FELICIDADE,,Domicílio particular,,-0,,1,16,82030290
410690205050167,Urbano,RUA FRANCISCO DALLALIBERA,946,CASA,,,SANTA FELICIDADE,,Domicílio particular,,-0,,1,16,82030290
410690205050167,Urbano,RUA FRANCISCO DALLALIBERA,152,CASA,,,SANTA FELICIDADE,,Estabelecimento de outras finalidades,TERRENO DA SOCIEDADE PINHEIRINHO,Único,,1,16,82030290
410690205050167,Urbano,RUA FRANCISCO DALLALIBERA,910,,,,SANTA FELICIDADE,,Estabelecimento de outras finalidades,GINASIO DE ESPORTES,Único,,1,16,82030290
410690205050167,Urbano,RUA ANGELO MIOLA,90,CASA,,,SANTA FELICIDADE,,Domicílio particular,,-0,,1,15,82000000
410690205050167,Urbano,RUA ANGELO MIOLA,SN,CASA,,,SANTA FELICIDADE,,Estabelecimento de outras finalidades,GARAGEM,Único,,1,15,82000000
410690205050167,Urbano,RUA ANGELO MIOLA,SN,CASA,,,SANTA FELICIDADE,,Estabelecimento de outras finalidades,SALAO DO CLUBE,Único,,1,15,82000000
410690205050167,Urbano,RUA ANGELO MIOLA,120,CASA 02,,,SANTA FELICIDADE,,Domicílio particular,,-0,,1,15,82000000
410690205050167,Urbano,RUA ANGELO MIOLA,120,CASA 01,,,SANTA FELICIDADE,,Domicílio particular,,-0,,1,15,82000000
410690205050167,Urbano,RUA ANGELO MIOLA,130,CASA 03,,,SANTA FELICIDADE,,Estabelecimento de outras finalidades,OFICINA DE MOTOS,Único,,1,15,82000000
410690205050167,Urbano,RUA ANGELO MIOLA,130,CASA 02,,,SANTA FELICIDADE,,Domicílio particular,,-0,,1,15,82000000
410690205050167,Urbano,RUA ANGELO MIOLA,130,CASA 01,,,SANTA FELICIDADE,,Domicílio particular,,-0,,1,15,82000000
410690205050167,Urbano,RUA ANGELO MIOLA,150,CASA,,,SANTA FELICIDADE,,Domicílio particular,,-0,,1,15,82000000
410690205050167,Urbano,RUA FRANCISCO DALLALIBERA,840,CASA 04,,,SANTA FELICIDADE,,Estabelecimento de outras finalidades,GARAGEM,Único,,1,13,82030290
410690205050167,Urbano,RUA FRANCISCO DALLALIBERA,840,CASA 03,,,SANTA FELICIDADE,,Domicílio particular,,-0,,1,13,82030290
410690205050167,Urbano,RUA FRANCISCO DALLALIBERA,840,CASA 02,,,SANTA FELICIDADE,,Domicílio particular,,-0,,1,13,82030290
410690205050167,Urbano,RUA FRANCISCO DALLALIBERA,840,CASA 01,,,SANTA FELICIDADE,,Domicílio particular,,-0,,1,13,82030290
410690205050167,Urbano,RUA FRANCISCO DALLALIBERA,728,CASA 16,,,SANTA FELICIDADE,,Domicílio particular,,-0,,1,13,82030290
410690205050167,Urbano,RUA FRANCISCO DALLALIBERA,728,CASA 15,,,SANTA FELICIDADE,,Domicílio particular,,-0,,1,13,82030290
410690205050167,Urbano,RUA FRANCISCO DALLALIBERA,728,CASA 14,,,SANTA FELICIDADE,,Domicílio particular,,-0,,1,13,82030290
410690205050167,Urbano,RUA FRANCISCO DALLALIBERA,728,CASA 12,,,SANTA FELICIDADE,,Domicílio particular,,-0,,1,13,82030290
410690205050167,Urbano,RUA FRANCISCO DALLALIBERA,728,CASA 11,,,SANTA FELICIDADE,,Domicílio particular,,-0,,1,13,82030290
410690205050167,Urbano,RUA FRANCISCO DALLALIBERA,728,CASA 10,,,SANTA FELICIDADE,,Domicílio particular,,-0,,1,13,82030290
410690205050167,Urbano,RUA FRANCISCO DALLALIBERA,728,CASA 09,,,SANTA FELICIDADE,,Domicílio particular,,-0,,1,13,82030290
410690205050167,Urbano,RUA FRANCISCO DALLALIBERA,728,CASA 08,,,SANTA FELICIDADE,,Domicílio particular,,-0,,1,13,82030290
410690205050167,Urbano,RUA FRANCISCO DALLALIBERA,728,CASA 07,,,SANTA FELICIDADE,,Domicílio particular,,-0,,1,13,82030290
410690205050167,Urbano,RUA FRANCISCO DALLALIBERA,728,CASA 06,,,SANTA FELICIDADE,,Domicílio particular,,-0,,1,13,82030290
410690205050167,Urbano,RUA FRANCISCO DALLALIBERA,728,CASA 05,,,SANTA FELICIDADE,,Domicílio particular,,-0,,1,13,82030290
410690205050167,Urbano,RUA FRANCISCO DALLALIBERA,728,CASA 04,,,SANTA FELICIDADE,,Domicílio particular,,-0,,1,13,82030290
410690205050167,Urbano,RUA FRANCISCO DALLALIBERA,728,CASA 03,,,SANTA FELICIDADE,,Domicílio particular,,-0,,1,13,82030290
410690205050167,Urbano,RUA FRANCISCO DALLALIBERA,728,CASA 02,,,SANTA FELICIDADE,,Domicílio particular,,-0,,1,13,82030290
410690205050167,Urbano,RUA FRANCISCO DALLALIBERA,728,CASA 01,,,SANTA FELICIDADE,,Domicílio particular,,-0,,1,13,82030290
410690205050167,Urbano,RUA FRANCISCO DALLALIBERA,668,CASA 14,,,SANTA FELICIDADE,,Domicílio particular,,-0,,1,13,82030290
410690205050167,Urbano,RUA FRANCISCO DALLALIBERA,668,CASA 13,,,SANTA FELICIDADE,,Domicílio particular,,-0,,1,13,82030290
410690205050167,Urbano,RUA FRANCISCO DALLALIBERA,668,CASA 12,,,SANTA FELICIDADE,,Domicílio particular,,-0,,1,13,82030290
410690205050167,Urbano,RUA FRANCISCO DALLALIBERA,668,CASA 11,,,SANTA FELICIDADE,,Domicílio particular,,-0,,1,13,82030290
410690205050167,Urbano,RUA FRANCISCO DALLALIBERA,668,CASA 10,,,SANTA FELICIDADE,,Domicílio particular,,-0,,1,13,82030290
410690205050167,Urbano,RUA FRANCISCO DALLALIBERA,668,CASA 09,,,SANTA FELICIDADE,,Domicílio particular,,-0,,1,13,82030290
410690205050167,Urbano,RUA FRANCISCO DALLALIBERA,668,CASA 08,,,SANTA FELICIDADE,,Domicílio particular,,-0,,1,13,82030290
410690205050167,Urbano,RUA FRANCISCO DALLALIBERA,668,CASA 07,,,SANTA FELICIDADE,,Domicílio particular,,-0,,1,13,82030290
410690205050167,Urbano,RUA FRANCISCO DALLALIBERA,668,CASA 06,,,SANTA FELICIDADE,,Domicílio particular,,-0,,1,13,82030290
410690205050167,Urbano,RUA FRANCISCO DALLALIBERA,668,CASA 05,,,SANTA FELICIDADE,,Domicílio particular,,-0,,1,13,82030290
410690205050167,Urbano,RUA FRANCISCO DALLALIBERA,668,CASA 04,,,SANTA FELICIDADE,,Domicílio particular,,-0,,1,13,82030290
410690205050167,Urbano,RUA FRANCISCO DALLALIBERA,668,CASA 03,,,SANTA FELICIDADE,,Domicílio particular,,-0,,1,13,82030290
410690205050167,Urbano,RUA FRANCISCO DALLALIBERA,668,CASA 02,,,SANTA FELICIDADE,,Domicílio particular,,-0,,1,13,82030290
410690205050167,Urbano,RUA FRANCISCO DALLALIBERA,668,CASA 01,,,SANTA FELICIDADE,,Domicílio particular,,-0,,1,13,82030290
410690205050167,Urbano,RUA FRANCISCO DALLALIBERA,624,CASA 23,,,SANTA FELICIDADE,,Domicílio particular,,-0,,1,13,82030290
410690205050167,Urbano,RUA FRANCISCO DALLALIBERA,624,CASA 22,,,SANTA FELICIDADE,,Domicílio particular,,-0,,1,13,82030290
410690205050167,Urbano,RUA FRANCISCO DALLALIBERA,624,CASA 21,,,SANTA FELICIDADE,,Domicílio particular,,-0,,1,13,82030290
410690205050167,Urbano,RUA FRANCISCO DALLALIBERA,624,CASA 20,,,SANTA FELICIDADE,,Domicílio particular,,-0,,1,13,82030290
410690205050167,Urbano,RUA FRANCISCO DALLALIBERA,624,CASA 19,,,SANTA FELICIDADE,,Domicílio particular,,-0,,1,13,82030290
410690205050167,Urbano,RUA FRANCISCO DALLALIBERA,624,CASA 18,,,SANTA FELICIDADE,,Domicílio particular,,-0,,1,13,82030290
410690205050167,Urbano,RUA FRANCISCO DALLALIBERA,624,CASA 17,,,SANTA FELICIDADE,,Domicílio particular,,-0,,1,13,82030290
410690205050167,Urbano,RUA FRANCISCO DALLALIBERA,624,CASA 16,,,SANTA FELICIDADE,,Domicílio particular,,-0,,1,13,82030290
410690205050167,Urbano,RUA FRANCISCO DALLALIBERA,624,CASA 15,,,SANTA FELICIDADE,,Domicílio particular,,-0,,1,13,82030290
410690205050167,Urbano,RUA FRANCISCO DALLALIBERA,624,CASA 14,,,SANTA FELICIDADE,,Domicílio particular,,-0,,1,13,82030290
410690205050167,Urbano,RUA FRANCISCO DALLALIBERA,624,CASA 13,,,SANTA FELICIDADE,,Domicílio particular,,-0,,1,13,82030290
410690205050167,Urbano,RUA FRANCISCO DALLALIBERA,624,CASA 12,,,SANTA FELICIDADE,,Domicílio particular,,-0,,1,13,82030290
410690205050167,Urbano,RUA FRANCISCO DALLALIBERA,624,CASA 11,,,SANTA FELICIDADE,,Domicílio particular,,-0,,1,13,82030290
410690205050167,Urbano,RUA FRANCISCO DALLALIBERA,624,CASA 10,,,SANTA FELICIDADE,,Domicílio particular,,-0,,1,13,82030290
410690205050167,Urbano,RUA FRANCISCO DALLALIBERA,624,CASA 09,,,SANTA FELICIDADE,,Domicílio particular,,-0,,1,13,82030290
410690205050167,Urbano,RUA FRANCISCO DALLALIBERA,624,CASA 08,,,SANTA FELICIDADE,,Domicílio particular,,-0,,1,13,82030290
410690205050167,Urbano,RUA FRANCISCO DALLALIBERA,624,CASA 07,,,SANTA FELICIDADE,,Domicílio particular,,-0,,1,13,82030290
410690205050167,Urbano,RUA FRANCISCO DALLALIBERA,624,CASA 06,,,SANTA FELICIDADE,,Domicílio particular,,-0,,1,13,82030290
410690205050167,Urbano,RUA FRANCISCO DALLALIBERA,624,CASA 05,,,SANTA FELICIDADE,,Domicílio particular,,-0,,1,13,82030290
410690205050167,Urbano,RUA FRANCISCO DALLALIBERA,624,CASA 04,,,SANTA FELICIDADE,,Domicílio particular,,-0,,1,13,82030290
410690205050167,Urbano,RUA FRANCISCO DALLALIBERA,624,CASA 03,,,SANTA FELICIDADE,,Domicílio particular,,-0,,1,13,82030290
410690205050167,Urbano,RUA FRANCISCO DALLALIBERA,624,CASA 02,,,SANTA FELICIDADE,,Domicílio particular,,-0,,1,13,82030290
410690205050167,Urbano,RUA FRANCISCO DALLALIBERA,624,CASA 01,,,SANTA FELICIDADE,,Domicílio particular,,-0,,1,13,82030290
410690205050167,Urbano,RUA FRANCISCO DALLALIBERA,586,CASA,,,SANTA FELICIDADE,,Domicílio particular,,-0,,1,13,82030290
410690205050167,Urbano,RUA FRANCISCO DALLALIBERA,520,CASA,,,SANTA FELICIDADE,,Domicílio particular,,-0,,1,12,82030290
410690205050167,Urbano,RUA FRANCISCO DALLALIBERA,434,CASA FUNDOS,,,SANTA FELICIDADE,,Domicílio particular,,-0,,1,12,82030290
410690205050167,Urbano,RUA FRANCISCO DALLALIBERA,54,CASA 03,,,SANTA FELICIDADE,,Domicílio particular,,-0,,1,12,82030290
410690205050167,Urbano,RUA FRANCISCO DALLALIBERA,54,CASA 02,,,SANTA FELICIDADE,,Domicílio particular,,-0,,1,12,82030290
410690205050167,Urbano,RUA FRANCISCO DALLALIBERA,59,CASA,,,SANTA FELICIDADE,,Domicílio particular,,-0,,1,12,82030290
410690205050167,Urbano,RUA FRANCISCO DALLALIBERA,45,CASA,,,SANTA FELICIDADE,,Domicílio particular,,-0,,1,11,82030290
410690205050167,Urbano,RUA FRANCISCO DALLALIBERA,44,CASA,,,SANTA FELICIDADE,,Domicílio particular,,-0,,1,11,82030290
410690205050167,Urbano,RUA FRANCISCO DALLALIBERA,396,CASA,,,SANTA FELICIDADE,,Domicílio particular,,-0,,1,11,82030290
410690205050167,Urbano,RUA FRANCISCO DALLALIBERA,362,CASA FUNDOS,,,SANTA FELICIDADE,,Domicílio particular,,-0,,1,11,82030290
410690205050167,Urbano,RUA FRANCISCO DALLALIBERA,362,CASA,,,SANTA FELICIDADE,,Domicílio particular,,-0,,1,11,82030290
410690205050167,Urbano,RUA FRANCISCO DALLALIBERA,344,CASA 04,,,SANTA FELICIDADE,,Domicílio particular,,-0,,1,11,82030290
410690205050167,Urbano,RUA FRANCISCO DALLALIBERA,344,CASA 03,,,SANTA FELICIDADE,,Domicílio particular,,-0,,1,11,82030290
410690205050167,Urbano,RUA FRANCISCO DALLALIBERA,344,CASA 02,,,SANTA FELICIDADE,,Domicílio particular,,-0,,1,11,82030290
410690205050167,Urbano,RUA FRANCISCO DALLALIBERA,344,CASA 01,,,SANTA FELICIDADE,,Domicílio particular,,-0,,1,11,82030290
410690205050167,Urbano,RUA FRANCISCO DALLALIBERA,280,CASA 08,,,SANTA FELICIDADE,,Domicílio particular,,-0,,1,10,82030290
410690205050167,Urbano,RUA FRANCISCO DALLALIBERA,280,CASA 07,,,SANTA FELICIDADE,,Domicílio particular,,-0,,1,10,82030290
410690205050167,Urbano,RUA FRANCISCO DALLALIBERA,280,CASA 06,,,SANTA FELICIDADE,,Domicílio particular,,-0,,1,10,82030290
410690205050167,Urbano,RUA FRANCISCO DALLALIBERA,280,CASA 05,,,SANTA FELICIDADE,,Domicílio particular,,-0,,1,10,82030290
410690205050167,Urbano,RUA FRANCISCO DALLALIBERA,280,CASA 04,,,SANTA FELICIDADE,,Domicílio particular,,-0,,1,10,82030290
410690205050167,Urbano,RUA FRANCISCO DALLALIBERA,280,CASA 03,,,SANTA FELICIDADE,,Domicílio particular,,-0,,1,10,82030290
410690205050167,Urbano,RUA FRANCISCO DALLALIBERA,280,CASA 02,,,SANTA FELICIDADE,,Domicílio particular,,-0,,1,10,82030290
410690205050167,Urbano,RUA FRANCISCO DALLALIBERA,280,CASA 01,,,SANTA FELICIDADE,,Domicílio particular,,-0,,1,10,82030290
410690205050167,Urbano,RUA FRANCISCO DALLALIBERA,172,CASA,,,SANTA FELICIDADE,,Domicílio particular,,-0,,1,10,82030290
410690205050167,Urbano,RUA ARI JOSE VALLE,649,,,,SANTA FELICIDADE,,Estabelecimento de outras finalidades,CENTRO ESPIRITA RECANTO DA PRECE,Único,,1,9,82030025
410690205050167,Urbano,RUA BERGAMO,273,CASA,,,SANTA FELICIDADE,,Domicílio particular,,-0,,1,7,82030025
410690205050167,Urbano,RUA BERGAMO,279,CASA,,,SANTA FELICIDADE,,Domicílio particular,,-0,,1,7,82030025
410690205050167,Urbano,RUA BERGAMO,232,CASA,,,SANTA FELICIDADE,,Domicílio particular,,-0,,1,7,82030025
410690205050167,Urbano,RUA BERGAMO,222,CASA,,,SANTA FELICIDADE,,Domicílio particular,,-0,,1,7,82030025
410690205050167,Urbano,RUA BERGAMO,200,CASA,,,SANTA FELICIDADE,,Estabelecimento de outras finalidades,LAVA CAR NIGRILHO,Único,,1,7,82030025
410690205050167,Urbano,RUA BERGAMO,190,CASA,,,SANTA FELICIDADE,,Domicílio particular,,-0,,1,7,82030025
410690205050167,Urbano,RUA BERGAMO,148,,,,SANTA FELICIDADE,,Domicílio particular,,-0,,1,7,82030025
410690205050167,Urbano,RUA BERGAMO,SN,CASA,,,SANTA FELICIDADE,,Domicílio particular,,-0,,1,7,82030025
410690205050167,Urbano,RUA BERGAMO,SN,CASA,,,SANTA FELICIDADE,,Estabelecimento de outras finalidades,PAIOL,Único,,1,7,82030025
410690205050167,Urbano,RUA BERGAMO,98,CASA 01,,,SANTA FELICIDADE,,Domicílio particular,,-0,,1,7,82030025
410690205050167,Urbano,RUA BERGAMO,90,CASA 02,,,SANTA FELICIDADE,,Domicílio particular,,-0,,1,7,82030025
410690205050167,Urbano,RUA BERGAMO,90,CASA 01,,,SANTA FELICIDADE,,Domicílio particular,,-0,,1,7,82030025
410690205050167,Urbano,RUA BERGAMO,271,,,,SANTA FELICIDADE,,Domicílio particular,,-0,,1,8,82030010
410690205050167,Urbano,RUA BERGAMO,253,CASA,,,SANTA FELICIDADE,,Domicílio particular,,-0,,1,8,82030010
410690205050167,Urbano,RUA BERGAMO,225,CASA,,,SANTA FELICIDADE,,Domicílio particular,,-0,,1,8,82030010
410690205050167,Urbano,RUA BERGAMO,201,CASA,,,SANTA FELICIDADE,,Domicílio particular,,-0,,1,8,82030010
410690205050167,Urbano,RUA BERGAMO,177,CASA,,,SANTA FELICIDADE,,Domicílio particular,,-0,,1,8,82030010
410690205050167,Urbano,RUA BERGAMO,151,CASA,,,SANTA FELICIDADE,,Domicílio particular,,-0,,1,8,82030010
410690205050167,Urbano,RUA BERGAMO,SN,CASA,,,SANTA FELICIDADE,,Domicílio particular,,-0,,1,8,82030010
410690205050167,Urbano,RUA BERGAMO,SN,,,,SANTA FELICIDADE,,Estabelecimento de outras finalidades,AUTO VALLE PINTURAS AUTOMOTIVAS,Único,,1,8,82030010
410690205050167,Urbano,RUA ARI JOSE VALLE,1035,,,,SANTA FELICIDADE,,Domicílio particular,,-0,,1,5,82030025
410690205050167,Urbano,RUA ARI JOSE VALLE,1181,CASA,,,SANTA FELICIDADE,,Domicílio particular,,-0,,1,5,82030025
410690205050167,Urbano,RUA ARI JOSE VALLE,1181,CASA 02,,,SANTA FELICIDADE,,Domicílio particular,,-0,,1,5,82030025
410690205050167,Urbano,RUA ARI JOSE VALLE,1179,CASA,,,SANTA FELICIDADE,,Domicílio particular,,-0,,1,5,82030025
410690205050167,Urbano,RUA ARI JOSE VALLE,1237,CASA 10,,,SANTA FELICIDADE,,Domicílio particular,,-0,,1,5,82030025
410690205050167,Urbano,RUA ARI JOSE VALLE,1237,CASA 09,,,SANTA FELICIDADE,,Edificação em construção,,-0,,1,5,82030025
410690205050167,Urbano,RUA ARI JOSE VALLE,1237,CASA 07,,,SANTA FELICIDADE,,Edificação em construção,,-0,,1,5,82030025
410690205050167,Urbano,RUA ARI JOSE VALLE,1237,CASA 06,,,SANTA FELICIDADE,,Edificação em construção,,-0,,1,5,82030025
410690205050167,Urbano,RUA ARI JOSE VALLE,1237,CASA 02,,,SANTA FELICIDADE,,Edificação em construção,,-0,,1,5,82030025
410690205050167,Urbano,RUA ARI JOSE VALLE,1237,CASA 01,,,SANTA FELICIDADE,,Edificação em construção,,-0,,1,5,82030025
410690205050167,Urbano,RUA ARI JOSE VALLE,705,CASA 02,,,SANTA FELICIDADE,,Edificação em construção,,-0,,1,2,82030025
410690205050167,Urbano,RUA ARI JOSE VALLE,705,CASA,,,SANTA FELICIDADE,,Domicílio particular,,-0,,1,2,82030025
410690205050167,Urbano,RUA ARI JOSE VALLE,761,CASA 03,,,SANTA FELICIDADE,,Domicílio particular,,-0,,1,2,82030025
410690205050167,Urbano,RUA ARI JOSE VALLE,811,CASA,,,SANTA FELICIDADE,,Domicílio particular,,-0,,1,2,82030025
410690205050167,Urbano,RUA ARI JOSE VALLE,851,CASA 02 FUNDOS,,,SANTA FELICIDADE,,Domicílio particular,,-0,,1,2,82030025
410690205050167,Urbano,RUA ARI JOSE VALLE,851,CASA 01,,,SANTA FELICIDADE,,Domicílio particular,,-0,,1,2,82030025
410690205050167,Urbano,RUA ARI JOSE VALLE,1035,CASA 01,,,SANTA FELICIDADE,,Domicílio particular,,-0,,1,2,82030025
410690205050167,Urbano,RUA ARI JOSE VALLE,1035,CASA 04,,,SANTA FELICIDADE,,Domicílio particular,,-0,,1,2,82030025
410690205050167,Urbano,RUA ARI JOSE VALLE,1035,CASA 05,,,SANTA FELICIDADE,,Domicílio particular,,-0,,1,2,82030025
410690205050167,Urbano,RUA ARI JOSE VALLE,1035,FRENTE,,,SANTA FELICIDADE,,Estabelecimento de outras finalidades,FABRICA DE TELAS,Único,,1,2,82030025
410690205050167,Urbano,RUA ARI JOSE VALLE,1181,CASA,,,SANTA FELICIDADE,,Domicílio particular,,-0,,1,2,82030025
410690205050167,Urbano,RUA ARI JOSE VALLE,1141,CASA FRENTE,,,SANTA FELICIDADE,,Domicílio particular,,-0,,1,2,82030025
410690205050167,Urbano,RUA ARI JOSE VALLE,1181,CASA 02,,,SANTA FELICIDADE,,Domicílio particular,,-0,,1,2,82030025
410690205050167,Urbano,RUA ARI JOSE VALLE,1179,CASA,,,SANTA FELICIDADE,,Domicílio particular,,-0,,1,2,82030025
410690205050167,Urbano,RUA ARI JOSE VALLE,1181,CASA 09,,,SANTA FELICIDADE,,Domicílio particular,,-0,,1,2,82030025
410690205050167,Urbano,RUA ARI JOSE VALLE,1181,CASA 07,,,SANTA FELICIDADE,,Domicílio particular,,-0,,1,2,82030025
410690205050167,Urbano,AVENIDA FREDOLIN WOLF,4155,CHACARA,,,SANTA FELICIDADE,,Domicílio particular,,-0,,1,1,82115000
410690205050167,Urbano,AVENIDA FREDOLIN WOLF,100,CHACARA,,,SANTA FELICIDADE,,Domicílio particular,,-0,,1,1,82115000
410690205050167,Urbano,AVENIDA FREDOLIN WOLF,4689,CHACARA,,,SANTA FELICIDADE,,Domicílio particular,,-0,,1,1,82115000
410690205050167,Urbano,AVENIDA FREDOLIN WOLF,142,CASA,,,SANTA FELICIDADE,,Domicílio particular,,-0,,1,1,82115000
410690205050167,Urbano,AVENIDA FREDOLIN WOLF,138,FUNDOS,,,SANTA FELICIDADE,,Domicílio particular,,-0,,1,1,82115000
410690205050167,Urbano,AVENIDA FREDOLIN WOLF,138,FRENTE,,,SANTA FELICIDADE,,Estabelecimento de outras finalidades,ASSISTENCIA TECNICA MARTINS,Único,,1,1,82115000
410690205050167,Urbano,AVENIDA FREDOLIN WOLF,5015,LOJA,,,SANTA FELICIDADE,,Estabelecimento de outras finalidades,LOJA DE ARTEFATOS CONCREARTE,Único,,1,1,82115000
410690205050167,Urbano,AVENIDA FREDOLIN WOLF,5015,FUNDOS,,,SANTA FELICIDADE,,Domicílio particular,,-0,,1,1,82115000
410690205050167,Urbano,AVENIDA FREDOLIN WOLF,130,LOJA,,,SANTA FELICIDADE,,Estabelecimento de outras finalidades,LOJA DE ARTESANTOS,Único,,1,1,82115000
410690205050167,Urbano,AVENIDA FREDOLIN WOLF,130,CASA,,,SANTA FELICIDADE,,Domicílio particular,,-0,,1,1,82115000
410690205050167,Urbano,AVENIDA FREDOLIN WOLF,126,CASA,,,SANTA FELICIDADE,,Domicílio particular,,-0,,1,1,82115000
410690205050167,Urbano,AVENIDA FREDOLIN WOLF,122,CASA,,,SANTA FELICIDADE,,Domicílio particular,,-0,,1,1,82115000
410690205050167,Urbano,AVENIDA FREDOLIN WOLF,118,BARRACAO,,,SANTA FELICIDADE,,Estabelecimento de outras finalidades,BORRACHARIA GASPAR,Único,,1,1,82115000
410690205050167,Urbano,AVENIDA FREDOLIN WOLF,114,CASA,,,SANTA FELICIDADE,,Domicílio particular,,-0,,1,1,82115000
410690205050167,Urbano,AVENIDA FREDOLIN WOLF,1102,CASA,,,SANTA FELICIDADE,,Domicílio particular,,-0,,1,1,82115000
410690205050167,Urbano,AVENIDA FREDOLIN WOLF,5231,CASA B,,,SANTA FELICIDADE,,Domicílio particular,,-0,,1,1,82115000
410690205050167,Urbano,AVENIDA FREDOLIN WOLF,5231,CASA,,,SANTA FELICIDADE,,Domicílio particular,,-0,,1,1,82115000
410690205050167,Urbano,AVENIDA FREDOLIN WOLF,5265,CASA 05,,,SANTA FELICIDADE,,Domicílio particular,,-0,,1,1,82115000
410690205050167,Urbano,AVENIDA FREDOLIN WOLF,5265,CASA 04,,,SANTA FELICIDADE,,Domicílio particular,,-0,,1,1,82115000
410690205050167,Urbano,AVENIDA FREDOLIN WOLF,5265,CASA 03,,,SANTA FELICIDADE,,Domicílio particular,,-0,,1,1,82115000
410690205050167,Urbano,AVENIDA FREDOLIN WOLF,5265,CASA 02,,,SANTA FELICIDADE,,Domicílio particular,,-0,,1,1,82115000
410690205050167,Urbano,AVENIDA FREDOLIN WOLF,5265,CASA 01,,,SANTA FELICIDADE,,Domicílio particular,,-0,,1,1,82115000
410690205050167,Urbano,AVENIDA FREDOLIN WOLF,5265,QUITINETE 11,,,SANTA FELICIDADE,,Edificação em construção,,-0,,1,1,82115000
410690205050167,Urbano,AVENIDA FREDOLIN WOLF,5265,QUITINETE 10,,,SANTA FELICIDADE,,Edificação em construção,,-0,,1,1,82115000
410690205050167,Urbano,AVENIDA FREDOLIN WOLF,5265,QUITINETE 09,,,SANTA FELICIDADE,,Edificação em construção,,-0,,1,1,82115000
410690205050167,Urbano,AVENIDA FREDOLIN WOLF,5265,QUITINETE 08,,,SANTA FELICIDADE,,Edificação em construção,,-0,,1,1,82115000
410690205050167,Urbano,AVENIDA FREDOLIN WOLF,5265,QUITINETE 07,,,SANTA FELICIDADE,,Edificação em construção,,-0,,1,1,82115000
410690205050167,Urbano,AVENIDA FREDOLIN WOLF,5265,QUITINETE 06,,,SANTA FELICIDADE,,Edificação em construção,,-0,,1,1,82115000
410690205050167,Urbano,AVENIDA FREDOLIN WOLF,5265,QUITINETE 05,,,SANTA FELICIDADE,,Edificação em construção,,-0,,1,1,82115000
410690205050167,Urbano,AVENIDA FREDOLIN WOLF,5265,QUITINETE 04,,,SANTA FELICIDADE,,Edificação em construção,,-0,,1,1,82115000
410690205050167,Urbano,AVENIDA FREDOLIN WOLF,5265,QUITINETE 03,,,SANTA FELICIDADE,,Edificação em construção,,-0,,1,1,82115000
410690205050167,Urbano,AVENIDA FREDOLIN WOLF,5265,QUITINETE 02,,,SANTA FELICIDADE,,Edificação em construção,,-0,,1,1,82115000
410690205050167,Urbano,AVENIDA FREDOLIN WOLF,5265,QUITINETE 01,,,SANTA FELICIDADE,,Edificação em construção,,-0,,1,1,82115000
410690205050167,Urbano,AVENIDA FREDOLIN WOLF,5281,CASA FUNDOS,,,SANTA FELICIDADE,,Domicílio particular,,-0,,1,1,82115000
410690205050167,Urbano,AVENIDA FREDOLIN WOLF,5281,,,,SANTA FELICIDADE,,Estabelecimento de outras finalidades,JR SERVICOS DE TRANSPORTE,Único,,1,1,82115000
410690205050167,Urbano,AVENIDA FREDOLIN WOLF,5349,CASA FUNDOS,,,SANTA FELICIDADE,,Domicílio particular,,-0,,1,1,82115000
410690205050167,Urbano,AVENIDA FREDOLIN WOLF,5349,CASA FRENTE,,,SANTA FELICIDADE,,Domicílio particular,,-0,,1,1,82115000
410690205050167,Urbano,AVENIDA FREDOLIN WOLF,5335,CASA,,,SANTA FELICIDADE,,Domicílio particular,,-0,,1,1,82115000
410690205050167,Urbano,AVENIDA FREDOLIN WOLF,5365,CASA,,,SANTA FELICIDADE,,Domicílio particular,,-0,,1,1,82115000
410690205050167,Urbano,AVENIDA FREDOLIN WOLF,5385,CASA,,,SANTA FELICIDADE,,Domicílio particular,,-0,,1,1,82115000
410690205050167,Urbano,AVENIDA FREDOLIN WOLF,5415,CASA,,,SANTA FELICIDADE,,Domicílio particular,,-0,,1,1,82115000
410690205050167,Urbano,AVENIDA FREDOLIN WOLF,5417,CASA,,,SANTA FELICIDADE,,Domicílio particular,,-0,,1,1,82115000
410690205050167,Urbano,AVENIDA FREDOLIN WOLF,5481,CASA,,,SANTA FELICIDADE,,Domicílio particular,,-0,,1,1,82115000
410690205050167,Urbano,RUA ARI JOSE VALLE,1237,CASA 12,,,SANTA FELICIDADE,,Edificação em construção,,-0,,1,5,82030025
410690205050167,Urbano,AVENIDA FREDOLIN WOLF,4689,CASA,,,SANTA FELICIDADE,,Domicílio particular,,-0,,1,1,82115000
410690205050167,Urbano,RUA ARI JOSE VALLE,1237,CASA 11,,,SANTA FELICIDADE,,Domicílio particular,,-0,,1,5,82030025
